"Kod";"Nazwa";"Okresy";"Wynagrodzenie brutto";"Rok";"Wartosc";"Jednostka miary";"Atrybut";
0000000;"POLSKA";"1 kwartał";"ogółem";"2010";0,00;"zł";"x";
0000000;"POLSKA";"1 kwartał";"ogółem";"2011";0,00;"zł";"x";
0000000;"POLSKA";"1 kwartał";"ogółem";"2012";0,00;"zł";"x";
0000000;"POLSKA";"1 kwartał";"ogółem";"2013";0,00;"zł";"x";
0000000;"POLSKA";"1 kwartał";"ogółem";"2014";0,00;"zł";"x";
0000000;"POLSKA";"1 kwartał";"ogółem";"2015";0,00;"zł";"x";
0000000;"POLSKA";"1 kwartał";"ogółem";"2016";0,00;"zł";"x";
0000000;"POLSKA";"1 kwartał";"ogółem";"2017";0,00;"zł";"x";
0000000;"POLSKA";"1 kwartał";"ogółem";"2018";0,00;"zł";"x";
0000000;"POLSKA";"1 kwartał";"ogółem";"2019";0,00;"zł";"x";
0000000;"POLSKA";"1 kwartał";"ogółem";"2020";0,00;"zł";"x";
0000000;"POLSKA";"1 kwartał";"ogółem";"2021";0,00;"zł";"x";
0000000;"POLSKA";"1 kwartał";"ogółem";"2022";0,00;"zł";"x";
0000000;"POLSKA";"2 kwartał";"ogółem";"2010";0,00;"zł";"x";
0000000;"POLSKA";"2 kwartał";"ogółem";"2011";0,00;"zł";"x";
0000000;"POLSKA";"2 kwartał";"ogółem";"2012";0,00;"zł";"x";
0000000;"POLSKA";"2 kwartał";"ogółem";"2013";0,00;"zł";"x";
0000000;"POLSKA";"2 kwartał";"ogółem";"2014";0,00;"zł";"x";
0000000;"POLSKA";"2 kwartał";"ogółem";"2015";0,00;"zł";"x";
0000000;"POLSKA";"2 kwartał";"ogółem";"2016";0,00;"zł";"x";
0000000;"POLSKA";"2 kwartał";"ogółem";"2017";0,00;"zł";"x";
0000000;"POLSKA";"2 kwartał";"ogółem";"2018";0,00;"zł";"x";
0000000;"POLSKA";"2 kwartał";"ogółem";"2019";0,00;"zł";"x";
0000000;"POLSKA";"2 kwartał";"ogółem";"2020";0,00;"zł";"x";
0000000;"POLSKA";"2 kwartał";"ogółem";"2021";0,00;"zł";"x";
0000000;"POLSKA";"2 kwartał";"ogółem";"2022";0,00;"zł";"x";
0000000;"POLSKA";"3 kwartał";"ogółem";"2010";0,00;"zł";"x";
0000000;"POLSKA";"3 kwartał";"ogółem";"2011";0,00;"zł";"x";
0000000;"POLSKA";"3 kwartał";"ogółem";"2012";0,00;"zł";"x";
0000000;"POLSKA";"3 kwartał";"ogółem";"2013";0,00;"zł";"x";
0000000;"POLSKA";"3 kwartał";"ogółem";"2014";0,00;"zł";"x";
0000000;"POLSKA";"3 kwartał";"ogółem";"2015";0,00;"zł";"x";
0000000;"POLSKA";"3 kwartał";"ogółem";"2016";0,00;"zł";"x";
0000000;"POLSKA";"3 kwartał";"ogółem";"2017";0,00;"zł";"x";
0000000;"POLSKA";"3 kwartał";"ogółem";"2018";0,00;"zł";"x";
0000000;"POLSKA";"3 kwartał";"ogółem";"2019";0,00;"zł";"x";
0000000;"POLSKA";"3 kwartał";"ogółem";"2020";0,00;"zł";"x";
0000000;"POLSKA";"3 kwartał";"ogółem";"2021";0,00;"zł";"x";
0000000;"POLSKA";"3 kwartał";"ogółem";"2022";0,00;"zł";"x";
0000000;"POLSKA";"4 kwartał";"ogółem";"2010";0,00;"zł";"x";
0000000;"POLSKA";"4 kwartał";"ogółem";"2011";0,00;"zł";"x";
0000000;"POLSKA";"4 kwartał";"ogółem";"2012";0,00;"zł";"x";
0000000;"POLSKA";"4 kwartał";"ogółem";"2013";0,00;"zł";"x";
0000000;"POLSKA";"4 kwartał";"ogółem";"2014";0,00;"zł";"x";
0000000;"POLSKA";"4 kwartał";"ogółem";"2015";0,00;"zł";"x";
0000000;"POLSKA";"4 kwartał";"ogółem";"2016";0,00;"zł";"x";
0000000;"POLSKA";"4 kwartał";"ogółem";"2017";0,00;"zł";"x";
0000000;"POLSKA";"4 kwartał";"ogółem";"2018";0,00;"zł";"x";
0000000;"POLSKA";"4 kwartał";"ogółem";"2019";0,00;"zł";"x";
0000000;"POLSKA";"4 kwartał";"ogółem";"2020";0,00;"zł";"x";
0000000;"POLSKA";"4 kwartał";"ogółem";"2021";0,00;"zł";"x";
0000000;"POLSKA";"4 kwartał";"ogółem";"2022";;"zł";"n";
0200000;"DOLNOŚLĄSKIE";"1 kwartał";"ogółem";"2010";3481,97;"zł";"";
0200000;"DOLNOŚLĄSKIE";"1 kwartał";"ogółem";"2011";3633,96;"zł";"";
0200000;"DOLNOŚLĄSKIE";"1 kwartał";"ogółem";"2012";3820,01;"zł";"M";
0200000;"DOLNOŚLĄSKIE";"1 kwartał";"ogółem";"2013";3892,83;"zł";"";
0200000;"DOLNOŚLĄSKIE";"1 kwartał";"ogółem";"2014";4091,12;"zł";"";
0200000;"DOLNOŚLĄSKIE";"1 kwartał";"ogółem";"2015";4290,73;"zł";"";
0200000;"DOLNOŚLĄSKIE";"1 kwartał";"ogółem";"2016";4443,83;"zł";"";
0200000;"DOLNOŚLĄSKIE";"1 kwartał";"ogółem";"2017";4648,69;"zł";"";
0200000;"DOLNOŚLĄSKIE";"1 kwartał";"ogółem";"2018";4986,01;"zł";"";
0200000;"DOLNOŚLĄSKIE";"1 kwartał";"ogółem";"2019";5272,77;"zł";"";
0200000;"DOLNOŚLĄSKIE";"1 kwartał";"ogółem";"2020";5693,32;"zł";"";
0200000;"DOLNOŚLĄSKIE";"1 kwartał";"ogółem";"2021";6070,15;"zł";"";
0200000;"DOLNOŚLĄSKIE";"1 kwartał";"ogółem";"2022";6731,86;"zł";"";
0200000;"DOLNOŚLĄSKIE";"2 kwartał";"ogółem";"2010";3485,89;"zł";"";
0200000;"DOLNOŚLĄSKIE";"2 kwartał";"ogółem";"2011";3658,62;"zł";"";
0200000;"DOLNOŚLĄSKIE";"2 kwartał";"ogółem";"2012";3780,87;"zł";"M";
0200000;"DOLNOŚLĄSKIE";"2 kwartał";"ogółem";"2013";3947,05;"zł";"";
0200000;"DOLNOŚLĄSKIE";"2 kwartał";"ogółem";"2014";4071,51;"zł";"";
0200000;"DOLNOŚLĄSKIE";"2 kwartał";"ogółem";"2015";4230,36;"zł";"";
0200000;"DOLNOŚLĄSKIE";"2 kwartał";"ogółem";"2016";4286,44;"zł";"";
0200000;"DOLNOŚLĄSKIE";"2 kwartał";"ogółem";"2017";4657,11;"zł";"";
0200000;"DOLNOŚLĄSKIE";"2 kwartał";"ogółem";"2018";4919,18;"zł";"";
0200000;"DOLNOŚLĄSKIE";"2 kwartał";"ogółem";"2019";5302,86;"zł";"";
0200000;"DOLNOŚLĄSKIE";"2 kwartał";"ogółem";"2020";5467,97;"zł";"";
0200000;"DOLNOŚLĄSKIE";"2 kwartał";"ogółem";"2021";6069,40;"zł";"";
0200000;"DOLNOŚLĄSKIE";"2 kwartał";"ogółem";"2022";6844,32;"zł";"";
0200000;"DOLNOŚLĄSKIE";"3 kwartał";"ogółem";"2010";3440,31;"zł";"";
0200000;"DOLNOŚLĄSKIE";"3 kwartał";"ogółem";"2011";3587,55;"zł";"";
0200000;"DOLNOŚLĄSKIE";"3 kwartał";"ogółem";"2012";3711,81;"zł";"M";
0200000;"DOLNOŚLĄSKIE";"3 kwartał";"ogółem";"2013";3851,09;"zł";"";
0200000;"DOLNOŚLĄSKIE";"3 kwartał";"ogółem";"2014";4048,89;"zł";"";
0200000;"DOLNOŚLĄSKIE";"3 kwartał";"ogółem";"2015";4192,01;"zł";"";
0200000;"DOLNOŚLĄSKIE";"3 kwartał";"ogółem";"2016";4474,43;"zł";"";
0200000;"DOLNOŚLĄSKIE";"3 kwartał";"ogółem";"2017";4607,47;"zł";"";
0200000;"DOLNOŚLĄSKIE";"3 kwartał";"ogółem";"2018";4962,20;"zł";"";
0200000;"DOLNOŚLĄSKIE";"3 kwartał";"ogółem";"2019";5311,30;"zł";"";
0200000;"DOLNOŚLĄSKIE";"3 kwartał";"ogółem";"2020";5645,03;"zł";"";
0200000;"DOLNOŚLĄSKIE";"3 kwartał";"ogółem";"2021";6192,70;"zł";"";
0200000;"DOLNOŚLĄSKIE";"3 kwartał";"ogółem";"2022";6889,33;"zł";"";
0200000;"DOLNOŚLĄSKIE";"4 kwartał";"ogółem";"2010";3655,84;"zł";"";
0200000;"DOLNOŚLĄSKIE";"4 kwartał";"ogółem";"2011";3830,15;"zł";"";
0200000;"DOLNOŚLĄSKIE";"4 kwartał";"ogółem";"2012";3879,12;"zł";"M";
0200000;"DOLNOŚLĄSKIE";"4 kwartał";"ogółem";"2013";4081,90;"zł";"";
0200000;"DOLNOŚLĄSKIE";"4 kwartał";"ogółem";"2014";4265,88;"zł";"";
0200000;"DOLNOŚLĄSKIE";"4 kwartał";"ogółem";"2015";4417,13;"zł";"";
0200000;"DOLNOŚLĄSKIE";"4 kwartał";"ogółem";"2016";4616,23;"zł";"";
0200000;"DOLNOŚLĄSKIE";"4 kwartał";"ogółem";"2017";4974,36;"zł";"";
0200000;"DOLNOŚLĄSKIE";"4 kwartał";"ogółem";"2018";5245,92;"zł";"";
0200000;"DOLNOŚLĄSKIE";"4 kwartał";"ogółem";"2019";5670,27;"zł";"";
0200000;"DOLNOŚLĄSKIE";"4 kwartał";"ogółem";"2020";6039,18;"zł";"";
0200000;"DOLNOŚLĄSKIE";"4 kwartał";"ogółem";"2021";6752,15;"zł";"";
0200000;"DOLNOŚLĄSKIE";"4 kwartał";"ogółem";"2022";;"zł";"n";
0400000;"KUJAWSKO-POMORSKIE";"1 kwartał";"ogółem";"2010";3101,06;"zł";"";
0400000;"KUJAWSKO-POMORSKIE";"1 kwartał";"ogółem";"2011";3204,47;"zł";"";
0400000;"KUJAWSKO-POMORSKIE";"1 kwartał";"ogółem";"2012";3382,50;"zł";"M";
0400000;"KUJAWSKO-POMORSKIE";"1 kwartał";"ogółem";"2013";3489,63;"zł";"";
0400000;"KUJAWSKO-POMORSKIE";"1 kwartał";"ogółem";"2014";3594,33;"zł";"";
0400000;"KUJAWSKO-POMORSKIE";"1 kwartał";"ogółem";"2015";3744,25;"zł";"";
0400000;"KUJAWSKO-POMORSKIE";"1 kwartał";"ogółem";"2016";3830,10;"zł";"";
0400000;"KUJAWSKO-POMORSKIE";"1 kwartał";"ogółem";"2017";4027,89;"zł";"";
0400000;"KUJAWSKO-POMORSKIE";"1 kwartał";"ogółem";"2018";4277,40;"zł";"";
0400000;"KUJAWSKO-POMORSKIE";"1 kwartał";"ogółem";"2019";4629,17;"zł";"";
0400000;"KUJAWSKO-POMORSKIE";"1 kwartał";"ogółem";"2020";5015,91;"zł";"";
0400000;"KUJAWSKO-POMORSKIE";"1 kwartał";"ogółem";"2021";5414,48;"zł";"";
0400000;"KUJAWSKO-POMORSKIE";"1 kwartał";"ogółem";"2022";5930,35;"zł";"";
0400000;"KUJAWSKO-POMORSKIE";"2 kwartał";"ogółem";"2010";2904,96;"zł";"";
0400000;"KUJAWSKO-POMORSKIE";"2 kwartał";"ogółem";"2011";3067,75;"zł";"";
0400000;"KUJAWSKO-POMORSKIE";"2 kwartał";"ogółem";"2012";3277,58;"zł";"M";
0400000;"KUJAWSKO-POMORSKIE";"2 kwartał";"ogółem";"2013";3289,50;"zł";"";
0400000;"KUJAWSKO-POMORSKIE";"2 kwartał";"ogółem";"2014";3440,46;"zł";"";
0400000;"KUJAWSKO-POMORSKIE";"2 kwartał";"ogółem";"2015";3525,21;"zł";"";
0400000;"KUJAWSKO-POMORSKIE";"2 kwartał";"ogółem";"2016";3656,11;"zł";"";
0400000;"KUJAWSKO-POMORSKIE";"2 kwartał";"ogółem";"2017";3866,21;"zł";"";
0400000;"KUJAWSKO-POMORSKIE";"2 kwartał";"ogółem";"2018";4121,75;"zł";"";
0400000;"KUJAWSKO-POMORSKIE";"2 kwartał";"ogółem";"2019";4423,59;"zł";"";
0400000;"KUJAWSKO-POMORSKIE";"2 kwartał";"ogółem";"2020";4642,51;"zł";"";
0400000;"KUJAWSKO-POMORSKIE";"2 kwartał";"ogółem";"2021";5148,27;"zł";"";
0400000;"KUJAWSKO-POMORSKIE";"2 kwartał";"ogółem";"2022";5855,78;"zł";"";
0400000;"KUJAWSKO-POMORSKIE";"3 kwartał";"ogółem";"2010";2979,45;"zł";"";
0400000;"KUJAWSKO-POMORSKIE";"3 kwartał";"ogółem";"2011";3145,38;"zł";"";
0400000;"KUJAWSKO-POMORSKIE";"3 kwartał";"ogółem";"2012";3257,60;"zł";"M";
0400000;"KUJAWSKO-POMORSKIE";"3 kwartał";"ogółem";"2013";3388,30;"zł";"";
0400000;"KUJAWSKO-POMORSKIE";"3 kwartał";"ogółem";"2014";3494,86;"zł";"";
0400000;"KUJAWSKO-POMORSKIE";"3 kwartał";"ogółem";"2015";3590,64;"zł";"";
0400000;"KUJAWSKO-POMORSKIE";"3 kwartał";"ogółem";"2016";3723,43;"zł";"";
0400000;"KUJAWSKO-POMORSKIE";"3 kwartał";"ogółem";"2017";3949,93;"zł";"";
0400000;"KUJAWSKO-POMORSKIE";"3 kwartał";"ogółem";"2018";4235,86;"zł";"";
0400000;"KUJAWSKO-POMORSKIE";"3 kwartał";"ogółem";"2019";4640,70;"zł";"";
0400000;"KUJAWSKO-POMORSKIE";"3 kwartał";"ogółem";"2020";4983,04;"zł";"";
0400000;"KUJAWSKO-POMORSKIE";"3 kwartał";"ogółem";"2021";5436,07;"zł";"";
0400000;"KUJAWSKO-POMORSKIE";"3 kwartał";"ogółem";"2022";5956,21;"zł";"";
0400000;"KUJAWSKO-POMORSKIE";"4 kwartał";"ogółem";"2010";3084,37;"zł";"";
0400000;"KUJAWSKO-POMORSKIE";"4 kwartał";"ogółem";"2011";3253,73;"zł";"";
0400000;"KUJAWSKO-POMORSKIE";"4 kwartał";"ogółem";"2012";3328,95;"zł";"M";
0400000;"KUJAWSKO-POMORSKIE";"4 kwartał";"ogółem";"2013";3513,83;"zł";"";
0400000;"KUJAWSKO-POMORSKIE";"4 kwartał";"ogółem";"2014";3588,51;"zł";"";
0400000;"KUJAWSKO-POMORSKIE";"4 kwartał";"ogółem";"2015";3724,98;"zł";"";
0400000;"KUJAWSKO-POMORSKIE";"4 kwartał";"ogółem";"2016";3848,58;"zł";"";
0400000;"KUJAWSKO-POMORSKIE";"4 kwartał";"ogółem";"2017";4159,80;"zł";"";
0400000;"KUJAWSKO-POMORSKIE";"4 kwartał";"ogółem";"2018";4417,46;"zł";"";
0400000;"KUJAWSKO-POMORSKIE";"4 kwartał";"ogółem";"2019";4791,63;"zł";"";
0400000;"KUJAWSKO-POMORSKIE";"4 kwartał";"ogółem";"2020";5092,22;"zł";"";
0400000;"KUJAWSKO-POMORSKIE";"4 kwartał";"ogółem";"2021";5696,00;"zł";"";
0400000;"KUJAWSKO-POMORSKIE";"4 kwartał";"ogółem";"2022";;"zł";"n";
0600000;"LUBELSKIE";"1 kwartał";"ogółem";"2010";3218,19;"zł";"";
0600000;"LUBELSKIE";"1 kwartał";"ogółem";"2011";3420,32;"zł";"";
0600000;"LUBELSKIE";"1 kwartał";"ogółem";"2012";3600,84;"zł";"M";
0600000;"LUBELSKIE";"1 kwartał";"ogółem";"2013";3698,55;"zł";"";
0600000;"LUBELSKIE";"1 kwartał";"ogółem";"2014";3809,44;"zł";"";
0600000;"LUBELSKIE";"1 kwartał";"ogółem";"2015";3921,59;"zł";"";
0600000;"LUBELSKIE";"1 kwartał";"ogółem";"2016";4136,16;"zł";"";
0600000;"LUBELSKIE";"1 kwartał";"ogółem";"2017";4207,47;"zł";"";
0600000;"LUBELSKIE";"1 kwartał";"ogółem";"2018";4416,49;"zł";"";
0600000;"LUBELSKIE";"1 kwartał";"ogółem";"2019";4701,58;"zł";"";
0600000;"LUBELSKIE";"1 kwartał";"ogółem";"2020";5053,16;"zł";"";
0600000;"LUBELSKIE";"1 kwartał";"ogółem";"2021";5489,22;"zł";"";
0600000;"LUBELSKIE";"1 kwartał";"ogółem";"2022";5875,67;"zł";"";
0600000;"LUBELSKIE";"2 kwartał";"ogółem";"2010";2945,22;"zł";"";
0600000;"LUBELSKIE";"2 kwartał";"ogółem";"2011";3144,48;"zł";"";
0600000;"LUBELSKIE";"2 kwartał";"ogółem";"2012";3441,94;"zł";"M";
0600000;"LUBELSKIE";"2 kwartał";"ogółem";"2013";3363,64;"zł";"";
0600000;"LUBELSKIE";"2 kwartał";"ogółem";"2014";3504,60;"zł";"";
0600000;"LUBELSKIE";"2 kwartał";"ogółem";"2015";3586,19;"zł";"";
0600000;"LUBELSKIE";"2 kwartał";"ogółem";"2016";3705,92;"zł";"";
0600000;"LUBELSKIE";"2 kwartał";"ogółem";"2017";3865,55;"zł";"";
0600000;"LUBELSKIE";"2 kwartał";"ogółem";"2018";4109,74;"zł";"";
0600000;"LUBELSKIE";"2 kwartał";"ogółem";"2019";4406,63;"zł";"";
0600000;"LUBELSKIE";"2 kwartał";"ogółem";"2020";4617,09;"zł";"";
0600000;"LUBELSKIE";"2 kwartał";"ogółem";"2021";5105,14;"zł";"";
0600000;"LUBELSKIE";"2 kwartał";"ogółem";"2022";5611,20;"zł";"";
0600000;"LUBELSKIE";"3 kwartał";"ogółem";"2010";3058,89;"zł";"";
0600000;"LUBELSKIE";"3 kwartał";"ogółem";"2011";3273,75;"zł";"";
0600000;"LUBELSKIE";"3 kwartał";"ogółem";"2012";3361,49;"zł";"M";
0600000;"LUBELSKIE";"3 kwartał";"ogółem";"2013";3508,07;"zł";"";
0600000;"LUBELSKIE";"3 kwartał";"ogółem";"2014";3539,44;"zł";"";
0600000;"LUBELSKIE";"3 kwartał";"ogółem";"2015";3695,42;"zł";"";
0600000;"LUBELSKIE";"3 kwartał";"ogółem";"2016";3798,04;"zł";"";
0600000;"LUBELSKIE";"3 kwartał";"ogółem";"2017";3968,01;"zł";"";
0600000;"LUBELSKIE";"3 kwartał";"ogółem";"2018";4226,27;"zł";"";
0600000;"LUBELSKIE";"3 kwartał";"ogółem";"2019";4602,36;"zł";"";
0600000;"LUBELSKIE";"3 kwartał";"ogółem";"2020";4953,44;"zł";"";
0600000;"LUBELSKIE";"3 kwartał";"ogółem";"2021";5328,99;"zł";"";
0600000;"LUBELSKIE";"3 kwartał";"ogółem";"2022";6069,94;"zł";"";
0600000;"LUBELSKIE";"4 kwartał";"ogółem";"2010";3321,69;"zł";"";
0600000;"LUBELSKIE";"4 kwartał";"ogółem";"2011";3450,60;"zł";"";
0600000;"LUBELSKIE";"4 kwartał";"ogółem";"2012";3547,30;"zł";"M";
0600000;"LUBELSKIE";"4 kwartał";"ogółem";"2013";3673,52;"zł";"";
0600000;"LUBELSKIE";"4 kwartał";"ogółem";"2014";3781,29;"zł";"";
0600000;"LUBELSKIE";"4 kwartał";"ogółem";"2015";3854,46;"zł";"";
0600000;"LUBELSKIE";"4 kwartał";"ogółem";"2016";4029,46;"zł";"";
0600000;"LUBELSKIE";"4 kwartał";"ogółem";"2017";4278,43;"zł";"";
0600000;"LUBELSKIE";"4 kwartał";"ogółem";"2018";4555,26;"zł";"";
0600000;"LUBELSKIE";"4 kwartał";"ogółem";"2019";4801,72;"zł";"";
0600000;"LUBELSKIE";"4 kwartał";"ogółem";"2020";5165,64;"zł";"";
0600000;"LUBELSKIE";"4 kwartał";"ogółem";"2021";5691,02;"zł";"";
0600000;"LUBELSKIE";"4 kwartał";"ogółem";"2022";;"zł";"n";
0800000;"LUBUSKIE";"1 kwartał";"ogółem";"2010";3081,41;"zł";"";
0800000;"LUBUSKIE";"1 kwartał";"ogółem";"2011";3213,70;"zł";"";
0800000;"LUBUSKIE";"1 kwartał";"ogółem";"2012";3390,51;"zł";"M";
0800000;"LUBUSKIE";"1 kwartał";"ogółem";"2013";3485,39;"zł";"";
0800000;"LUBUSKIE";"1 kwartał";"ogółem";"2014";3601,36;"zł";"";
0800000;"LUBUSKIE";"1 kwartał";"ogółem";"2015";3757,47;"zł";"";
0800000;"LUBUSKIE";"1 kwartał";"ogółem";"2016";3867,86;"zł";"";
0800000;"LUBUSKIE";"1 kwartał";"ogółem";"2017";4071,17;"zł";"";
0800000;"LUBUSKIE";"1 kwartał";"ogółem";"2018";4347,41;"zł";"";
0800000;"LUBUSKIE";"1 kwartał";"ogółem";"2019";4663,18;"zł";"";
0800000;"LUBUSKIE";"1 kwartał";"ogółem";"2020";5011,66;"zł";"";
0800000;"LUBUSKIE";"1 kwartał";"ogółem";"2021";5384,86;"zł";"";
0800000;"LUBUSKIE";"1 kwartał";"ogółem";"2022";5895,15;"zł";"";
0800000;"LUBUSKIE";"2 kwartał";"ogółem";"2010";2989,10;"zł";"";
0800000;"LUBUSKIE";"2 kwartał";"ogółem";"2011";3044,22;"zł";"";
0800000;"LUBUSKIE";"2 kwartał";"ogółem";"2012";3267,98;"zł";"M";
0800000;"LUBUSKIE";"2 kwartał";"ogółem";"2013";3263,88;"zł";"";
0800000;"LUBUSKIE";"2 kwartał";"ogółem";"2014";3425,21;"zł";"";
0800000;"LUBUSKIE";"2 kwartał";"ogółem";"2015";3488,78;"zł";"";
0800000;"LUBUSKIE";"2 kwartał";"ogółem";"2016";3707,76;"zł";"";
0800000;"LUBUSKIE";"2 kwartał";"ogółem";"2017";3939,20;"zł";"";
0800000;"LUBUSKIE";"2 kwartał";"ogółem";"2018";4190,49;"zł";"";
0800000;"LUBUSKIE";"2 kwartał";"ogółem";"2019";4434,73;"zł";"";
0800000;"LUBUSKIE";"2 kwartał";"ogółem";"2020";4510,87;"zł";"";
0800000;"LUBUSKIE";"2 kwartał";"ogółem";"2021";5140,86;"zł";"";
0800000;"LUBUSKIE";"2 kwartał";"ogółem";"2022";5881,54;"zł";"";
0800000;"LUBUSKIE";"3 kwartał";"ogółem";"2010";2867,13;"zł";"";
0800000;"LUBUSKIE";"3 kwartał";"ogółem";"2011";3141,46;"zł";"";
0800000;"LUBUSKIE";"3 kwartał";"ogółem";"2012";3181,02;"zł";"M";
0800000;"LUBUSKIE";"3 kwartał";"ogółem";"2013";3343,24;"zł";"";
0800000;"LUBUSKIE";"3 kwartał";"ogółem";"2014";3450,76;"zł";"";
0800000;"LUBUSKIE";"3 kwartał";"ogółem";"2015";3585,40;"zł";"";
0800000;"LUBUSKIE";"3 kwartał";"ogółem";"2016";3754,67;"zł";"";
0800000;"LUBUSKIE";"3 kwartał";"ogółem";"2017";3953,77;"zł";"";
0800000;"LUBUSKIE";"3 kwartał";"ogółem";"2018";4307,92;"zł";"";
0800000;"LUBUSKIE";"3 kwartał";"ogółem";"2019";4605,29;"zł";"";
0800000;"LUBUSKIE";"3 kwartał";"ogółem";"2020";4865,48;"zł";"";
0800000;"LUBUSKIE";"3 kwartał";"ogółem";"2021";5333,90;"zł";"";
0800000;"LUBUSKIE";"3 kwartał";"ogółem";"2022";6082,99;"zł";"";
0800000;"LUBUSKIE";"4 kwartał";"ogółem";"2010";3131,01;"zł";"";
0800000;"LUBUSKIE";"4 kwartał";"ogółem";"2011";3267,41;"zł";"";
0800000;"LUBUSKIE";"4 kwartał";"ogółem";"2012";3386,49;"zł";"M";
0800000;"LUBUSKIE";"4 kwartał";"ogółem";"2013";3433,77;"zł";"";
0800000;"LUBUSKIE";"4 kwartał";"ogółem";"2014";3580,76;"zł";"";
0800000;"LUBUSKIE";"4 kwartał";"ogółem";"2015";3718,20;"zł";"";
0800000;"LUBUSKIE";"4 kwartał";"ogółem";"2016";3962,52;"zł";"";
0800000;"LUBUSKIE";"4 kwartał";"ogółem";"2017";4177,14;"zł";"";
0800000;"LUBUSKIE";"4 kwartał";"ogółem";"2018";4548,38;"zł";"";
0800000;"LUBUSKIE";"4 kwartał";"ogółem";"2019";4825,60;"zł";"";
0800000;"LUBUSKIE";"4 kwartał";"ogółem";"2020";5112,52;"zł";"";
0800000;"LUBUSKIE";"4 kwartał";"ogółem";"2021";5632,50;"zł";"";
0800000;"LUBUSKIE";"4 kwartał";"ogółem";"2022";;"zł";"n";
1000000;"ŁÓDZKIE";"1 kwartał";"ogółem";"2010";3198,71;"zł";"";
1000000;"ŁÓDZKIE";"1 kwartał";"ogółem";"2011";3380,91;"zł";"";
1000000;"ŁÓDZKIE";"1 kwartał";"ogółem";"2012";3571,59;"zł";"M";
1000000;"ŁÓDZKIE";"1 kwartał";"ogółem";"2013";3677,50;"zł";"";
1000000;"ŁÓDZKIE";"1 kwartał";"ogółem";"2014";3818,49;"zł";"";
1000000;"ŁÓDZKIE";"1 kwartał";"ogółem";"2015";3978,30;"zł";"";
1000000;"ŁÓDZKIE";"1 kwartał";"ogółem";"2016";4091,50;"zł";"";
1000000;"ŁÓDZKIE";"1 kwartał";"ogółem";"2017";4241,80;"zł";"";
1000000;"ŁÓDZKIE";"1 kwartał";"ogółem";"2018";4514,04;"zł";"";
1000000;"ŁÓDZKIE";"1 kwartał";"ogółem";"2019";4851,81;"zł";"";
1000000;"ŁÓDZKIE";"1 kwartał";"ogółem";"2020";5274,12;"zł";"";
1000000;"ŁÓDZKIE";"1 kwartał";"ogółem";"2021";5766,99;"zł";"";
1000000;"ŁÓDZKIE";"1 kwartał";"ogółem";"2022";6209,09;"zł";"";
1000000;"ŁÓDZKIE";"2 kwartał";"ogółem";"2010";2993,09;"zł";"";
1000000;"ŁÓDZKIE";"2 kwartał";"ogółem";"2011";3204,98;"zł";"";
1000000;"ŁÓDZKIE";"2 kwartał";"ogółem";"2012";3438,31;"zł";"M";
1000000;"ŁÓDZKIE";"2 kwartał";"ogółem";"2013";3447,65;"zł";"";
1000000;"ŁÓDZKIE";"2 kwartał";"ogółem";"2014";3572,84;"zł";"";
1000000;"ŁÓDZKIE";"2 kwartał";"ogółem";"2015";3698,63;"zł";"";
1000000;"ŁÓDZKIE";"2 kwartał";"ogółem";"2016";3849,88;"zł";"";
1000000;"ŁÓDZKIE";"2 kwartał";"ogółem";"2017";4052,47;"zł";"";
1000000;"ŁÓDZKIE";"2 kwartał";"ogółem";"2018";4333,55;"zł";"";
1000000;"ŁÓDZKIE";"2 kwartał";"ogółem";"2019";4630,92;"zł";"";
1000000;"ŁÓDZKIE";"2 kwartał";"ogółem";"2020";4914,50;"zł";"";
1000000;"ŁÓDZKIE";"2 kwartał";"ogółem";"2021";5459,42;"zł";"";
1000000;"ŁÓDZKIE";"2 kwartał";"ogółem";"2022";5948,51;"zł";"";
1000000;"ŁÓDZKIE";"3 kwartał";"ogółem";"2010";3082,59;"zł";"";
1000000;"ŁÓDZKIE";"3 kwartał";"ogółem";"2011";3320,36;"zł";"";
1000000;"ŁÓDZKIE";"3 kwartał";"ogółem";"2012";3434,55;"zł";"M";
1000000;"ŁÓDZKIE";"3 kwartał";"ogółem";"2013";3563,12;"zł";"";
1000000;"ŁÓDZKIE";"3 kwartał";"ogółem";"2014";3672,78;"zł";"";
1000000;"ŁÓDZKIE";"3 kwartał";"ogółem";"2015";3794,05;"zł";"";
1000000;"ŁÓDZKIE";"3 kwartał";"ogółem";"2016";3916,10;"zł";"";
1000000;"ŁÓDZKIE";"3 kwartał";"ogółem";"2017";4136,46;"zł";"";
1000000;"ŁÓDZKIE";"3 kwartał";"ogółem";"2018";4494,96;"zł";"";
1000000;"ŁÓDZKIE";"3 kwartał";"ogółem";"2019";4863,68;"zł";"";
1000000;"ŁÓDZKIE";"3 kwartał";"ogółem";"2020";5122,87;"zł";"";
1000000;"ŁÓDZKIE";"3 kwartał";"ogółem";"2021";5631,83;"zł";"";
1000000;"ŁÓDZKIE";"3 kwartał";"ogółem";"2022";6392,29;"zł";"";
1000000;"ŁÓDZKIE";"4 kwartał";"ogółem";"2010";3349,93;"zł";"";
1000000;"ŁÓDZKIE";"4 kwartał";"ogółem";"2011";3472,21;"zł";"";
1000000;"ŁÓDZKIE";"4 kwartał";"ogółem";"2012";3628,03;"zł";"M";
1000000;"ŁÓDZKIE";"4 kwartał";"ogółem";"2013";3748,75;"zł";"";
1000000;"ŁÓDZKIE";"4 kwartał";"ogółem";"2014";3876,61;"zł";"";
1000000;"ŁÓDZKIE";"4 kwartał";"ogółem";"2015";4017,87;"zł";"";
1000000;"ŁÓDZKIE";"4 kwartał";"ogółem";"2016";4170,71;"zł";"";
1000000;"ŁÓDZKIE";"4 kwartał";"ogółem";"2017";4440,14;"zł";"";
1000000;"ŁÓDZKIE";"4 kwartał";"ogółem";"2018";4809,28;"zł";"";
1000000;"ŁÓDZKIE";"4 kwartał";"ogółem";"2019";5188,31;"zł";"";
1000000;"ŁÓDZKIE";"4 kwartał";"ogółem";"2020";5526,13;"zł";"";
1000000;"ŁÓDZKIE";"4 kwartał";"ogółem";"2021";6096,19;"zł";"";
1000000;"ŁÓDZKIE";"4 kwartał";"ogółem";"2022";;"zł";"n";
1200000;"MAŁOPOLSKIE";"1 kwartał";"ogółem";"2010";3359,80;"zł";"";
1200000;"MAŁOPOLSKIE";"1 kwartał";"ogółem";"2011";3519,12;"zł";"";
1200000;"MAŁOPOLSKIE";"1 kwartał";"ogółem";"2012";3697,16;"zł";"M";
1200000;"MAŁOPOLSKIE";"1 kwartał";"ogółem";"2013";3774,12;"zł";"";
1200000;"MAŁOPOLSKIE";"1 kwartał";"ogółem";"2014";3902,40;"zł";"";
1200000;"MAŁOPOLSKIE";"1 kwartał";"ogółem";"2015";4103,62;"zł";"";
1200000;"MAŁOPOLSKIE";"1 kwartał";"ogółem";"2016";4272,77;"zł";"";
1200000;"MAŁOPOLSKIE";"1 kwartał";"ogółem";"2017";4486,54;"zł";"";
1200000;"MAŁOPOLSKIE";"1 kwartał";"ogółem";"2018";4796,37;"zł";"";
1200000;"MAŁOPOLSKIE";"1 kwartał";"ogółem";"2019";5173,45;"zł";"";
1200000;"MAŁOPOLSKIE";"1 kwartał";"ogółem";"2020";5642,31;"zł";"";
1200000;"MAŁOPOLSKIE";"1 kwartał";"ogółem";"2021";6079,40;"zł";"";
1200000;"MAŁOPOLSKIE";"1 kwartał";"ogółem";"2022";6777,59;"zł";"";
1200000;"MAŁOPOLSKIE";"2 kwartał";"ogółem";"2010";3200,28;"zł";"";
1200000;"MAŁOPOLSKIE";"2 kwartał";"ogółem";"2011";3398,24;"zł";"";
1200000;"MAŁOPOLSKIE";"2 kwartał";"ogółem";"2012";3581,54;"zł";"M";
1200000;"MAŁOPOLSKIE";"2 kwartał";"ogółem";"2013";3596,28;"zł";"";
1200000;"MAŁOPOLSKIE";"2 kwartał";"ogółem";"2014";3683,43;"zł";"";
1200000;"MAŁOPOLSKIE";"2 kwartał";"ogółem";"2015";3874,54;"zł";"";
1200000;"MAŁOPOLSKIE";"2 kwartał";"ogółem";"2016";4083,58;"zł";"";
1200000;"MAŁOPOLSKIE";"2 kwartał";"ogółem";"2017";4324,72;"zł";"";
1200000;"MAŁOPOLSKIE";"2 kwartał";"ogółem";"2018";4638,08;"zł";"";
1200000;"MAŁOPOLSKIE";"2 kwartał";"ogółem";"2019";5028,67;"zł";"";
1200000;"MAŁOPOLSKIE";"2 kwartał";"ogółem";"2020";5275,39;"zł";"";
1200000;"MAŁOPOLSKIE";"2 kwartał";"ogółem";"2021";5898,27;"zł";"";
1200000;"MAŁOPOLSKIE";"2 kwartał";"ogółem";"2022";6665,50;"zł";"";
1200000;"MAŁOPOLSKIE";"3 kwartał";"ogółem";"2010";3241,30;"zł";"";
1200000;"MAŁOPOLSKIE";"3 kwartał";"ogółem";"2011";3465,33;"zł";"";
1200000;"MAŁOPOLSKIE";"3 kwartał";"ogółem";"2012";3520,07;"zł";"M";
1200000;"MAŁOPOLSKIE";"3 kwartał";"ogółem";"2013";3643,99;"zł";"";
1200000;"MAŁOPOLSKIE";"3 kwartał";"ogółem";"2014";3775,80;"zł";"";
1200000;"MAŁOPOLSKIE";"3 kwartał";"ogółem";"2015";3938,30;"zł";"";
1200000;"MAŁOPOLSKIE";"3 kwartał";"ogółem";"2016";4145,74;"zł";"";
1200000;"MAŁOPOLSKIE";"3 kwartał";"ogółem";"2017";4415,87;"zł";"";
1200000;"MAŁOPOLSKIE";"3 kwartał";"ogółem";"2018";4707,11;"zł";"";
1200000;"MAŁOPOLSKIE";"3 kwartał";"ogółem";"2019";5155,70;"zł";"";
1200000;"MAŁOPOLSKIE";"3 kwartał";"ogółem";"2020";5545,18;"zł";"";
1200000;"MAŁOPOLSKIE";"3 kwartał";"ogółem";"2021";6085,01;"zł";"";
1200000;"MAŁOPOLSKIE";"3 kwartał";"ogółem";"2022";6971,33;"zł";"";
1200000;"MAŁOPOLSKIE";"4 kwartał";"ogółem";"2010";3400,12;"zł";"";
1200000;"MAŁOPOLSKIE";"4 kwartał";"ogółem";"2011";3533,29;"zł";"";
1200000;"MAŁOPOLSKIE";"4 kwartał";"ogółem";"2012";3632,63;"zł";"M";
1200000;"MAŁOPOLSKIE";"4 kwartał";"ogółem";"2013";3750,41;"zł";"";
1200000;"MAŁOPOLSKIE";"4 kwartał";"ogółem";"2014";3915,68;"zł";"";
1200000;"MAŁOPOLSKIE";"4 kwartał";"ogółem";"2015";4160,50;"zł";"";
1200000;"MAŁOPOLSKIE";"4 kwartał";"ogółem";"2016";4212,93;"zł";"";
1200000;"MAŁOPOLSKIE";"4 kwartał";"ogółem";"2017";4590,72;"zł";"";
1200000;"MAŁOPOLSKIE";"4 kwartał";"ogółem";"2018";4901,28;"zł";"";
1200000;"MAŁOPOLSKIE";"4 kwartał";"ogółem";"2019";5472,65;"zł";"";
1200000;"MAŁOPOLSKIE";"4 kwartał";"ogółem";"2020";5843,94;"zł";"";
1200000;"MAŁOPOLSKIE";"4 kwartał";"ogółem";"2021";6363,59;"zł";"";
1200000;"MAŁOPOLSKIE";"4 kwartał";"ogółem";"2022";;"zł";"n";
1400000;"MAZOWIECKIE";"1 kwartał";"ogółem";"2010";4526,81;"zł";"";
1400000;"MAZOWIECKIE";"1 kwartał";"ogółem";"2011";4727,98;"zł";"";
1400000;"MAZOWIECKIE";"1 kwartał";"ogółem";"2012";4802,96;"zł";"M";
1400000;"MAZOWIECKIE";"1 kwartał";"ogółem";"2013";4879,54;"zł";"";
1400000;"MAZOWIECKIE";"1 kwartał";"ogółem";"2014";5098,44;"zł";"";
1400000;"MAZOWIECKIE";"1 kwartał";"ogółem";"2015";5267,32;"zł";"";
1400000;"MAZOWIECKIE";"1 kwartał";"ogółem";"2016";5435,95;"zł";"";
1400000;"MAZOWIECKIE";"1 kwartał";"ogółem";"2017";5600,99;"zł";"";
1400000;"MAZOWIECKIE";"1 kwartał";"ogółem";"2018";5973,72;"zł";"";
1400000;"MAZOWIECKIE";"1 kwartał";"ogółem";"2019";6336,70;"zł";"";
1400000;"MAZOWIECKIE";"1 kwartał";"ogółem";"2020";6780,10;"zł";"";
1400000;"MAZOWIECKIE";"1 kwartał";"ogółem";"2021";7117,49;"zł";"";
1400000;"MAZOWIECKIE";"1 kwartał";"ogółem";"2022";7854,69;"zł";"";
1400000;"MAZOWIECKIE";"2 kwartał";"ogółem";"2010";4410,17;"zł";"";
1400000;"MAZOWIECKIE";"2 kwartał";"ogółem";"2011";4544,77;"zł";"";
1400000;"MAZOWIECKIE";"2 kwartał";"ogółem";"2012";4722,11;"zł";"M";
1400000;"MAZOWIECKIE";"2 kwartał";"ogółem";"2013";4735,92;"zł";"";
1400000;"MAZOWIECKIE";"2 kwartał";"ogółem";"2014";4924,09;"zł";"";
1400000;"MAZOWIECKIE";"2 kwartał";"ogółem";"2015";5036,68;"zł";"";
1400000;"MAZOWIECKIE";"2 kwartał";"ogółem";"2016";5215,26;"zł";"";
1400000;"MAZOWIECKIE";"2 kwartał";"ogółem";"2017";5459,95;"zł";"";
1400000;"MAZOWIECKIE";"2 kwartał";"ogółem";"2018";5817,31;"zł";"";
1400000;"MAZOWIECKIE";"2 kwartał";"ogółem";"2019";6191,57;"zł";"";
1400000;"MAZOWIECKIE";"2 kwartał";"ogółem";"2020";6375,59;"zł";"";
1400000;"MAZOWIECKIE";"2 kwartał";"ogółem";"2021";6899,43;"zł";"";
1400000;"MAZOWIECKIE";"2 kwartał";"ogółem";"2022";7726,04;"zł";"";
1400000;"MAZOWIECKIE";"3 kwartał";"ogółem";"2010";4262,55;"zł";"";
1400000;"MAZOWIECKIE";"3 kwartał";"ogółem";"2011";4523,87;"zł";"";
1400000;"MAZOWIECKIE";"3 kwartał";"ogółem";"2012";4571,83;"zł";"M";
1400000;"MAZOWIECKIE";"3 kwartał";"ogółem";"2013";4691,86;"zł";"";
1400000;"MAZOWIECKIE";"3 kwartał";"ogółem";"2014";4852,96;"zł";"";
1400000;"MAZOWIECKIE";"3 kwartał";"ogółem";"2015";5002,71;"zł";"";
1400000;"MAZOWIECKIE";"3 kwartał";"ogółem";"2016";5147,24;"zł";"";
1400000;"MAZOWIECKIE";"3 kwartał";"ogółem";"2017";5412,94;"zł";"";
1400000;"MAZOWIECKIE";"3 kwartał";"ogółem";"2018";5788,92;"zł";"";
1400000;"MAZOWIECKIE";"3 kwartał";"ogółem";"2019";6158,84;"zł";"";
1400000;"MAZOWIECKIE";"3 kwartał";"ogółem";"2020";6410,59;"zł";"";
1400000;"MAZOWIECKIE";"3 kwartał";"ogółem";"2021";6958,06;"zł";"";
1400000;"MAZOWIECKIE";"3 kwartał";"ogółem";"2022";7880,86;"zł";"";
1400000;"MAZOWIECKIE";"4 kwartał";"ogółem";"2010";4484,24;"zł";"";
1400000;"MAZOWIECKIE";"4 kwartał";"ogółem";"2011";4708,90;"zł";"";
1400000;"MAZOWIECKIE";"4 kwartał";"ogółem";"2012";4768,43;"zł";"M";
1400000;"MAZOWIECKIE";"4 kwartał";"ogółem";"2013";4939,61;"zł";"";
1400000;"MAZOWIECKIE";"4 kwartał";"ogółem";"2014";5047,50;"zł";"";
1400000;"MAZOWIECKIE";"4 kwartał";"ogółem";"2015";5231,30;"zł";"";
1400000;"MAZOWIECKIE";"4 kwartał";"ogółem";"2016";5403,01;"zł";"";
1400000;"MAZOWIECKIE";"4 kwartał";"ogółem";"2017";5800,40;"zł";"";
1400000;"MAZOWIECKIE";"4 kwartał";"ogółem";"2018";6131,29;"zł";"";
1400000;"MAZOWIECKIE";"4 kwartał";"ogółem";"2019";6392,72;"zł";"";
1400000;"MAZOWIECKIE";"4 kwartał";"ogółem";"2020";6679,59;"zł";"";
1400000;"MAZOWIECKIE";"4 kwartał";"ogółem";"2021";7378,00;"zł";"";
1400000;"MAZOWIECKIE";"4 kwartał";"ogółem";"2022";;"zł";"n";
1600000;"OPOLSKIE";"1 kwartał";"ogółem";"2010";3301,92;"zł";"";
1600000;"OPOLSKIE";"1 kwartał";"ogółem";"2011";3457,01;"zł";"";
1600000;"OPOLSKIE";"1 kwartał";"ogółem";"2012";3623,79;"zł";"M";
1600000;"OPOLSKIE";"1 kwartał";"ogółem";"2013";3688,87;"zł";"";
1600000;"OPOLSKIE";"1 kwartał";"ogółem";"2014";3843,58;"zł";"";
1600000;"OPOLSKIE";"1 kwartał";"ogółem";"2015";3996,34;"zł";"";
1600000;"OPOLSKIE";"1 kwartał";"ogółem";"2016";4132,03;"zł";"";
1600000;"OPOLSKIE";"1 kwartał";"ogółem";"2017";4277,09;"zł";"";
1600000;"OPOLSKIE";"1 kwartał";"ogółem";"2018";4562,83;"zł";"";
1600000;"OPOLSKIE";"1 kwartał";"ogółem";"2019";4820,89;"zł";"";
1600000;"OPOLSKIE";"1 kwartał";"ogółem";"2020";5235,95;"zł";"";
1600000;"OPOLSKIE";"1 kwartał";"ogółem";"2021";5685,28;"zł";"";
1600000;"OPOLSKIE";"1 kwartał";"ogółem";"2022";6184,01;"zł";"";
1600000;"OPOLSKIE";"2 kwartał";"ogółem";"2010";3127,68;"zł";"";
1600000;"OPOLSKIE";"2 kwartał";"ogółem";"2011";3242,23;"zł";"";
1600000;"OPOLSKIE";"2 kwartał";"ogółem";"2012";3470,31;"zł";"M";
1600000;"OPOLSKIE";"2 kwartał";"ogółem";"2013";3447,16;"zł";"";
1600000;"OPOLSKIE";"2 kwartał";"ogółem";"2014";3610,79;"zł";"";
1600000;"OPOLSKIE";"2 kwartał";"ogółem";"2015";3720,28;"zł";"";
1600000;"OPOLSKIE";"2 kwartał";"ogółem";"2016";3860,85;"zł";"";
1600000;"OPOLSKIE";"2 kwartał";"ogółem";"2017";4113,57;"zł";"";
1600000;"OPOLSKIE";"2 kwartał";"ogółem";"2018";4333,71;"zł";"";
1600000;"OPOLSKIE";"2 kwartał";"ogółem";"2019";4644,83;"zł";"";
1600000;"OPOLSKIE";"2 kwartał";"ogółem";"2020";4867,25;"zł";"";
1600000;"OPOLSKIE";"2 kwartał";"ogółem";"2021";5342,14;"zł";"";
1600000;"OPOLSKIE";"2 kwartał";"ogółem";"2022";5988,48;"zł";"";
1600000;"OPOLSKIE";"3 kwartał";"ogółem";"2010";3146,34;"zł";"";
1600000;"OPOLSKIE";"3 kwartał";"ogółem";"2011";3336,49;"zł";"";
1600000;"OPOLSKIE";"3 kwartał";"ogółem";"2012";3363,57;"zł";"M";
1600000;"OPOLSKIE";"3 kwartał";"ogółem";"2013";3515,52;"zł";"";
1600000;"OPOLSKIE";"3 kwartał";"ogółem";"2014";3697,93;"zł";"";
1600000;"OPOLSKIE";"3 kwartał";"ogółem";"2015";3776,92;"zł";"";
1600000;"OPOLSKIE";"3 kwartał";"ogółem";"2016";3935,27;"zł";"";
1600000;"OPOLSKIE";"3 kwartał";"ogółem";"2017";4147,62;"zł";"";
1600000;"OPOLSKIE";"3 kwartał";"ogółem";"2018";4373,72;"zł";"";
1600000;"OPOLSKIE";"3 kwartał";"ogółem";"2019";4787,81;"zł";"";
1600000;"OPOLSKIE";"3 kwartał";"ogółem";"2020";5057,44;"zł";"";
1600000;"OPOLSKIE";"3 kwartał";"ogółem";"2021";5494,64;"zł";"";
1600000;"OPOLSKIE";"3 kwartał";"ogółem";"2022";6202,17;"zł";"";
1600000;"OPOLSKIE";"4 kwartał";"ogółem";"2010";3262,76;"zł";"";
1600000;"OPOLSKIE";"4 kwartał";"ogółem";"2011";3451,62;"zł";"";
1600000;"OPOLSKIE";"4 kwartał";"ogółem";"2012";3453,85;"zł";"M";
1600000;"OPOLSKIE";"4 kwartał";"ogółem";"2013";3622,82;"zł";"";
1600000;"OPOLSKIE";"4 kwartał";"ogółem";"2014";3736,76;"zł";"";
1600000;"OPOLSKIE";"4 kwartał";"ogółem";"2015";3958,35;"zł";"";
1600000;"OPOLSKIE";"4 kwartał";"ogółem";"2016";4132,05;"zł";"";
1600000;"OPOLSKIE";"4 kwartał";"ogółem";"2017";4378,26;"zł";"";
1600000;"OPOLSKIE";"4 kwartał";"ogółem";"2018";4639,48;"zł";"";
1600000;"OPOLSKIE";"4 kwartał";"ogółem";"2019";4943,94;"zł";"";
1600000;"OPOLSKIE";"4 kwartał";"ogółem";"2020";5350,93;"zł";"";
1600000;"OPOLSKIE";"4 kwartał";"ogółem";"2021";5886,99;"zł";"";
1600000;"OPOLSKIE";"4 kwartał";"ogółem";"2022";;"zł";"n";
1800000;"PODKARPACKIE";"1 kwartał";"ogółem";"2010";3056,33;"zł";"";
1800000;"PODKARPACKIE";"1 kwartał";"ogółem";"2011";3199,65;"zł";"";
1800000;"PODKARPACKIE";"1 kwartał";"ogółem";"2012";3364,05;"zł";"M";
1800000;"PODKARPACKIE";"1 kwartał";"ogółem";"2013";3476,90;"zł";"";
1800000;"PODKARPACKIE";"1 kwartał";"ogółem";"2014";3607,33;"zł";"";
1800000;"PODKARPACKIE";"1 kwartał";"ogółem";"2015";3732,71;"zł";"";
1800000;"PODKARPACKIE";"1 kwartał";"ogółem";"2016";3863,69;"zł";"";
1800000;"PODKARPACKIE";"1 kwartał";"ogółem";"2017";4018,90;"zł";"";
1800000;"PODKARPACKIE";"1 kwartał";"ogółem";"2018";4244,78;"zł";"";
1800000;"PODKARPACKIE";"1 kwartał";"ogółem";"2019";4544,47;"zł";"";
1800000;"PODKARPACKIE";"1 kwartał";"ogółem";"2020";4862,83;"zł";"";
1800000;"PODKARPACKIE";"1 kwartał";"ogółem";"2021";5310,65;"zł";"";
1800000;"PODKARPACKIE";"1 kwartał";"ogółem";"2022";5718,77;"zł";"";
1800000;"PODKARPACKIE";"2 kwartał";"ogółem";"2010";2834,47;"zł";"";
1800000;"PODKARPACKIE";"2 kwartał";"ogółem";"2011";3008,55;"zł";"";
1800000;"PODKARPACKIE";"2 kwartał";"ogółem";"2012";3239,60;"zł";"M";
1800000;"PODKARPACKIE";"2 kwartał";"ogółem";"2013";3238,81;"zł";"";
1800000;"PODKARPACKIE";"2 kwartał";"ogółem";"2014";3373,31;"zł";"";
1800000;"PODKARPACKIE";"2 kwartał";"ogółem";"2015";3453,42;"zł";"";
1800000;"PODKARPACKIE";"2 kwartał";"ogółem";"2016";3617,17;"zł";"";
1800000;"PODKARPACKIE";"2 kwartał";"ogółem";"2017";3771,52;"zł";"";
1800000;"PODKARPACKIE";"2 kwartał";"ogółem";"2018";4006,32;"zł";"";
1800000;"PODKARPACKIE";"2 kwartał";"ogółem";"2019";4321,43;"zł";"";
1800000;"PODKARPACKIE";"2 kwartał";"ogółem";"2020";4468,89;"zł";"";
1800000;"PODKARPACKIE";"2 kwartał";"ogółem";"2021";5040,07;"zł";"";
1800000;"PODKARPACKIE";"2 kwartał";"ogółem";"2022";5463,46;"zł";"";
1800000;"PODKARPACKIE";"3 kwartał";"ogółem";"2010";2921,73;"zł";"";
1800000;"PODKARPACKIE";"3 kwartał";"ogółem";"2011";3075,04;"zł";"";
1800000;"PODKARPACKIE";"3 kwartał";"ogółem";"2012";3171,55;"zł";"M";
1800000;"PODKARPACKIE";"3 kwartał";"ogółem";"2013";3343,96;"zł";"";
1800000;"PODKARPACKIE";"3 kwartał";"ogółem";"2014";3434,73;"zł";"";
1800000;"PODKARPACKIE";"3 kwartał";"ogółem";"2015";3568,04;"zł";"";
1800000;"PODKARPACKIE";"3 kwartał";"ogółem";"2016";3684,41;"zł";"";
1800000;"PODKARPACKIE";"3 kwartał";"ogółem";"2017";3858,61;"zł";"";
1800000;"PODKARPACKIE";"3 kwartał";"ogółem";"2018";4161,38;"zł";"";
1800000;"PODKARPACKIE";"3 kwartał";"ogółem";"2019";4462,73;"zł";"";
1800000;"PODKARPACKIE";"3 kwartał";"ogółem";"2020";4711,12;"zł";"";
1800000;"PODKARPACKIE";"3 kwartał";"ogółem";"2021";5126,34;"zł";"";
1800000;"PODKARPACKIE";"3 kwartał";"ogółem";"2022";5747,92;"zł";"";
1800000;"PODKARPACKIE";"4 kwartał";"ogółem";"2010";3069,21;"zł";"";
1800000;"PODKARPACKIE";"4 kwartał";"ogółem";"2011";3199,88;"zł";"";
1800000;"PODKARPACKIE";"4 kwartał";"ogółem";"2012";3295,35;"zł";"M";
1800000;"PODKARPACKIE";"4 kwartał";"ogółem";"2013";3426,26;"zł";"";
1800000;"PODKARPACKIE";"4 kwartał";"ogółem";"2014";3571,09;"zł";"";
1800000;"PODKARPACKIE";"4 kwartał";"ogółem";"2015";3671,54;"zł";"";
1800000;"PODKARPACKIE";"4 kwartał";"ogółem";"2016";3836,50;"zł";"";
1800000;"PODKARPACKIE";"4 kwartał";"ogółem";"2017";4028,88;"zł";"";
1800000;"PODKARPACKIE";"4 kwartał";"ogółem";"2018";4346,97;"zł";"";
1800000;"PODKARPACKIE";"4 kwartał";"ogółem";"2019";4618,04;"zł";"";
1800000;"PODKARPACKIE";"4 kwartał";"ogółem";"2020";5033,11;"zł";"";
1800000;"PODKARPACKIE";"4 kwartał";"ogółem";"2021";5486,07;"zł";"";
1800000;"PODKARPACKIE";"4 kwartał";"ogółem";"2022";;"zł";"n";
2000000;"PODLASKIE";"1 kwartał";"ogółem";"2010";3253,18;"zł";"";
2000000;"PODLASKIE";"1 kwartał";"ogółem";"2011";3371,95;"zł";"";
2000000;"PODLASKIE";"1 kwartał";"ogółem";"2012";3562,61;"zł";"M";
2000000;"PODLASKIE";"1 kwartał";"ogółem";"2013";3643,70;"zł";"";
2000000;"PODLASKIE";"1 kwartał";"ogółem";"2014";3738,64;"zł";"";
2000000;"PODLASKIE";"1 kwartał";"ogółem";"2015";3870,52;"zł";"";
2000000;"PODLASKIE";"1 kwartał";"ogółem";"2016";3966,40;"zł";"";
2000000;"PODLASKIE";"1 kwartał";"ogółem";"2017";4142,86;"zł";"";
2000000;"PODLASKIE";"1 kwartał";"ogółem";"2018";4372,27;"zł";"";
2000000;"PODLASKIE";"1 kwartał";"ogółem";"2019";4678,78;"zł";"";
2000000;"PODLASKIE";"1 kwartał";"ogółem";"2020";5065,04;"zł";"";
2000000;"PODLASKIE";"1 kwartał";"ogółem";"2021";5440,95;"zł";"";
2000000;"PODLASKIE";"1 kwartał";"ogółem";"2022";5985,13;"zł";"";
2000000;"PODLASKIE";"2 kwartał";"ogółem";"2010";2981,48;"zł";"";
2000000;"PODLASKIE";"2 kwartał";"ogółem";"2011";3132,36;"zł";"";
2000000;"PODLASKIE";"2 kwartał";"ogółem";"2012";3394,38;"zł";"M";
2000000;"PODLASKIE";"2 kwartał";"ogółem";"2013";3320,67;"zł";"";
2000000;"PODLASKIE";"2 kwartał";"ogółem";"2014";3450,31;"zł";"";
2000000;"PODLASKIE";"2 kwartał";"ogółem";"2015";3560,66;"zł";"";
2000000;"PODLASKIE";"2 kwartał";"ogółem";"2016";3726,28;"zł";"";
2000000;"PODLASKIE";"2 kwartał";"ogółem";"2017";3908,71;"zł";"";
2000000;"PODLASKIE";"2 kwartał";"ogółem";"2018";4153,52;"zł";"";
2000000;"PODLASKIE";"2 kwartał";"ogółem";"2019";4449,20;"zł";"";
2000000;"PODLASKIE";"2 kwartał";"ogółem";"2020";4658,54;"zł";"";
2000000;"PODLASKIE";"2 kwartał";"ogółem";"2021";5223,37;"zł";"";
2000000;"PODLASKIE";"2 kwartał";"ogółem";"2022";5856,87;"zł";"";
2000000;"PODLASKIE";"3 kwartał";"ogółem";"2010";3071,75;"zł";"";
2000000;"PODLASKIE";"3 kwartał";"ogółem";"2011";3221,69;"zł";"";
2000000;"PODLASKIE";"3 kwartał";"ogółem";"2012";3338,28;"zł";"M";
2000000;"PODLASKIE";"3 kwartał";"ogółem";"2013";3425,58;"zł";"";
2000000;"PODLASKIE";"3 kwartał";"ogółem";"2014";3573,39;"zł";"";
2000000;"PODLASKIE";"3 kwartał";"ogółem";"2015";3672,22;"zł";"";
2000000;"PODLASKIE";"3 kwartał";"ogółem";"2016";3809,92;"zł";"";
2000000;"PODLASKIE";"3 kwartał";"ogółem";"2017";4043,86;"zł";"";
2000000;"PODLASKIE";"3 kwartał";"ogółem";"2018";4330,30;"zł";"";
2000000;"PODLASKIE";"3 kwartał";"ogółem";"2019";4644,56;"zł";"";
2000000;"PODLASKIE";"3 kwartał";"ogółem";"2020";4965,48;"zł";"";
2000000;"PODLASKIE";"3 kwartał";"ogółem";"2021";5438,15;"zł";"";
2000000;"PODLASKIE";"3 kwartał";"ogółem";"2022";6117,34;"zł";"";
2000000;"PODLASKIE";"4 kwartał";"ogółem";"2010";3234,87;"zł";"";
2000000;"PODLASKIE";"4 kwartał";"ogółem";"2011";3382,83;"zł";"";
2000000;"PODLASKIE";"4 kwartał";"ogółem";"2012";3477,54;"zł";"M";
2000000;"PODLASKIE";"4 kwartał";"ogółem";"2013";3593,51;"zł";"";
2000000;"PODLASKIE";"4 kwartał";"ogółem";"2014";3716,84;"zł";"";
2000000;"PODLASKIE";"4 kwartał";"ogółem";"2015";3827,16;"zł";"";
2000000;"PODLASKIE";"4 kwartał";"ogółem";"2016";3984,65;"zł";"";
2000000;"PODLASKIE";"4 kwartał";"ogółem";"2017";4309,67;"zł";"";
2000000;"PODLASKIE";"4 kwartał";"ogółem";"2018";4559,54;"zł";"";
2000000;"PODLASKIE";"4 kwartał";"ogółem";"2019";4886,70;"zł";"";
2000000;"PODLASKIE";"4 kwartał";"ogółem";"2020";5321,26;"zł";"";
2000000;"PODLASKIE";"4 kwartał";"ogółem";"2021";5835,07;"zł";"";
2000000;"PODLASKIE";"4 kwartał";"ogółem";"2022";;"zł";"n";
2200000;"POMORSKIE";"1 kwartał";"ogółem";"2010";3595,65;"zł";"";
2200000;"POMORSKIE";"1 kwartał";"ogółem";"2011";3683,97;"zł";"";
2200000;"POMORSKIE";"1 kwartał";"ogółem";"2012";3913,97;"zł";"M";
2200000;"POMORSKIE";"1 kwartał";"ogółem";"2013";4037,70;"zł";"";
2200000;"POMORSKIE";"1 kwartał";"ogółem";"2014";4204,25;"zł";"";
2200000;"POMORSKIE";"1 kwartał";"ogółem";"2015";4376,77;"zł";"";
2200000;"POMORSKIE";"1 kwartał";"ogółem";"2016";4491,63;"zł";"";
2200000;"POMORSKIE";"1 kwartał";"ogółem";"2017";4697,92;"zł";"";
2200000;"POMORSKIE";"1 kwartał";"ogółem";"2018";4948,06;"zł";"";
2200000;"POMORSKIE";"1 kwartał";"ogółem";"2019";5307,46;"zł";"";
2200000;"POMORSKIE";"1 kwartał";"ogółem";"2020";5735,65;"zł";"";
2200000;"POMORSKIE";"1 kwartał";"ogółem";"2021";6076,10;"zł";"";
2200000;"POMORSKIE";"1 kwartał";"ogółem";"2022";6736,37;"zł";"";
2200000;"POMORSKIE";"2 kwartał";"ogółem";"2010";3382,99;"zł";"";
2200000;"POMORSKIE";"2 kwartał";"ogółem";"2011";3627,68;"zł";"";
2200000;"POMORSKIE";"2 kwartał";"ogółem";"2012";3801,40;"zł";"M";
2200000;"POMORSKIE";"2 kwartał";"ogółem";"2013";3847,26;"zł";"";
2200000;"POMORSKIE";"2 kwartał";"ogółem";"2014";3973,72;"zł";"";
2200000;"POMORSKIE";"2 kwartał";"ogółem";"2015";4128,89;"zł";"";
2200000;"POMORSKIE";"2 kwartał";"ogółem";"2016";4333,06;"zł";"";
2200000;"POMORSKIE";"2 kwartał";"ogółem";"2017";4501,59;"zł";"";
2200000;"POMORSKIE";"2 kwartał";"ogółem";"2018";4762,92;"zł";"";
2200000;"POMORSKIE";"2 kwartał";"ogółem";"2019";5108,71;"zł";"";
2200000;"POMORSKIE";"2 kwartał";"ogółem";"2020";5289,70;"zł";"";
2200000;"POMORSKIE";"2 kwartał";"ogółem";"2021";5880,11;"zł";"";
2200000;"POMORSKIE";"2 kwartał";"ogółem";"2022";6637,75;"zł";"";
2200000;"POMORSKIE";"3 kwartał";"ogółem";"2010";3447,73;"zł";"";
2200000;"POMORSKIE";"3 kwartał";"ogółem";"2011";3653,36;"zł";"";
2200000;"POMORSKIE";"3 kwartał";"ogółem";"2012";3737,29;"zł";"M";
2200000;"POMORSKIE";"3 kwartał";"ogółem";"2013";3883,61;"zł";"";
2200000;"POMORSKIE";"3 kwartał";"ogółem";"2014";4059,20;"zł";"";
2200000;"POMORSKIE";"3 kwartał";"ogółem";"2015";4193,17;"zł";"";
2200000;"POMORSKIE";"3 kwartał";"ogółem";"2016";4352,28;"zł";"";
2200000;"POMORSKIE";"3 kwartał";"ogółem";"2017";4544,14;"zł";"";
2200000;"POMORSKIE";"3 kwartał";"ogółem";"2018";4868,64;"zł";"";
2200000;"POMORSKIE";"3 kwartał";"ogółem";"2019";5289,88;"zł";"";
2200000;"POMORSKIE";"3 kwartał";"ogółem";"2020";5537,91;"zł";"";
2200000;"POMORSKIE";"3 kwartał";"ogółem";"2021";6013,84;"zł";"";
2200000;"POMORSKIE";"3 kwartał";"ogółem";"2022";6839,59;"zł";"";
2200000;"POMORSKIE";"4 kwartał";"ogółem";"2010";3573,47;"zł";"";
2200000;"POMORSKIE";"4 kwartał";"ogółem";"2011";3731,85;"zł";"";
2200000;"POMORSKIE";"4 kwartał";"ogółem";"2012";3836,23;"zł";"M";
2200000;"POMORSKIE";"4 kwartał";"ogółem";"2013";3957,92;"zł";"";
2200000;"POMORSKIE";"4 kwartał";"ogółem";"2014";4164,33;"zł";"";
2200000;"POMORSKIE";"4 kwartał";"ogółem";"2015";4350,00;"zł";"";
2200000;"POMORSKIE";"4 kwartał";"ogółem";"2016";4467,88;"zł";"";
2200000;"POMORSKIE";"4 kwartał";"ogółem";"2017";4779,32;"zł";"";
2200000;"POMORSKIE";"4 kwartał";"ogółem";"2018";5097,63;"zł";"";
2200000;"POMORSKIE";"4 kwartał";"ogółem";"2019";5458,61;"zł";"";
2200000;"POMORSKIE";"4 kwartał";"ogółem";"2020";5772,86;"zł";"";
2200000;"POMORSKIE";"4 kwartał";"ogółem";"2021";6451,50;"zł";"";
2200000;"POMORSKIE";"4 kwartał";"ogółem";"2022";;"zł";"n";
2400000;"ŚLĄSKIE";"1 kwartał";"ogółem";"2010";3648,67;"zł";"";
2400000;"ŚLĄSKIE";"1 kwartał";"ogółem";"2011";3799,45;"zł";"";
2400000;"ŚLĄSKIE";"1 kwartał";"ogółem";"2012";4003,08;"zł";"M";
2400000;"ŚLĄSKIE";"1 kwartał";"ogółem";"2013";4083,37;"zł";"";
2400000;"ŚLĄSKIE";"1 kwartał";"ogółem";"2014";4225,99;"zł";"";
2400000;"ŚLĄSKIE";"1 kwartał";"ogółem";"2015";4361,27;"zł";"";
2400000;"ŚLĄSKIE";"1 kwartał";"ogółem";"2016";4392,66;"zł";"";
2400000;"ŚLĄSKIE";"1 kwartał";"ogółem";"2017";4551,64;"zł";"";
2400000;"ŚLĄSKIE";"1 kwartał";"ogółem";"2018";4811,88;"zł";"";
2400000;"ŚLĄSKIE";"1 kwartał";"ogółem";"2019";5206,73;"zł";"";
2400000;"ŚLĄSKIE";"1 kwartał";"ogółem";"2020";5549,14;"zł";"";
2400000;"ŚLĄSKIE";"1 kwartał";"ogółem";"2021";5908,69;"zł";"";
2400000;"ŚLĄSKIE";"1 kwartał";"ogółem";"2022";6554,53;"zł";"";
2400000;"ŚLĄSKIE";"2 kwartał";"ogółem";"2010";3446,68;"zł";"";
2400000;"ŚLĄSKIE";"2 kwartał";"ogółem";"2011";3719,88;"zł";"";
2400000;"ŚLĄSKIE";"2 kwartał";"ogółem";"2012";3929,91;"zł";"M";
2400000;"ŚLĄSKIE";"2 kwartał";"ogółem";"2013";3883,31;"zł";"";
2400000;"ŚLĄSKIE";"2 kwartał";"ogółem";"2014";4009,28;"zł";"";
2400000;"ŚLĄSKIE";"2 kwartał";"ogółem";"2015";4097,63;"zł";"";
2400000;"ŚLĄSKIE";"2 kwartał";"ogółem";"2016";4222,45;"zł";"";
2400000;"ŚLĄSKIE";"2 kwartał";"ogółem";"2017";4373,41;"zł";"";
2400000;"ŚLĄSKIE";"2 kwartał";"ogółem";"2018";4782,22;"zł";"";
2400000;"ŚLĄSKIE";"2 kwartał";"ogółem";"2019";5068,23;"zł";"";
2400000;"ŚLĄSKIE";"2 kwartał";"ogółem";"2020";5143,98;"zł";"";
2400000;"ŚLĄSKIE";"2 kwartał";"ogółem";"2021";5715,00;"zł";"";
2400000;"ŚLĄSKIE";"2 kwartał";"ogółem";"2022";6394,41;"zł";"";
2400000;"ŚLĄSKIE";"3 kwartał";"ogółem";"2010";3524,17;"zł";"";
2400000;"ŚLĄSKIE";"3 kwartał";"ogółem";"2011";3775,52;"zł";"";
2400000;"ŚLĄSKIE";"3 kwartał";"ogółem";"2012";3859,13;"zł";"M";
2400000;"ŚLĄSKIE";"3 kwartał";"ogółem";"2013";4005,61;"zł";"";
2400000;"ŚLĄSKIE";"3 kwartał";"ogółem";"2014";4058,07;"zł";"";
2400000;"ŚLĄSKIE";"3 kwartał";"ogółem";"2015";4150,77;"zł";"";
2400000;"ŚLĄSKIE";"3 kwartał";"ogółem";"2016";4269,12;"zł";"";
2400000;"ŚLĄSKIE";"3 kwartał";"ogółem";"2017";4455,10;"zł";"";
2400000;"ŚLĄSKIE";"3 kwartał";"ogółem";"2018";4778,44;"zł";"";
2400000;"ŚLĄSKIE";"3 kwartał";"ogółem";"2019";5200,35;"zł";"";
2400000;"ŚLĄSKIE";"3 kwartał";"ogółem";"2020";5384,56;"zł";"";
2400000;"ŚLĄSKIE";"3 kwartał";"ogółem";"2021";5846,28;"zł";"";
2400000;"ŚLĄSKIE";"3 kwartał";"ogółem";"2022";6842,05;"zł";"";
2400000;"ŚLĄSKIE";"4 kwartał";"ogółem";"2010";3913,18;"zł";"";
2400000;"ŚLĄSKIE";"4 kwartał";"ogółem";"2011";4048,62;"zł";"";
2400000;"ŚLĄSKIE";"4 kwartał";"ogółem";"2012";4274,46;"zł";"M";
2400000;"ŚLĄSKIE";"4 kwartał";"ogółem";"2013";4412,86;"zł";"";
2400000;"ŚLĄSKIE";"4 kwartał";"ogółem";"2014";4458,74;"zł";"";
2400000;"ŚLĄSKIE";"4 kwartał";"ogółem";"2015";4557,09;"zł";"";
2400000;"ŚLĄSKIE";"4 kwartał";"ogółem";"2016";4534,95;"zł";"";
2400000;"ŚLĄSKIE";"4 kwartał";"ogółem";"2017";4842,99;"zł";"";
2400000;"ŚLĄSKIE";"4 kwartał";"ogółem";"2018";5254,44;"zł";"";
2400000;"ŚLĄSKIE";"4 kwartał";"ogółem";"2019";5574,69;"zł";"";
2400000;"ŚLĄSKIE";"4 kwartał";"ogółem";"2020";5951,15;"zł";"";
2400000;"ŚLĄSKIE";"4 kwartał";"ogółem";"2021";6392,21;"zł";"";
2400000;"ŚLĄSKIE";"4 kwartał";"ogółem";"2022";;"zł";"n";
2600000;"ŚWIĘTOKRZYSKIE";"1 kwartał";"ogółem";"2010";3167,51;"zł";"";
2600000;"ŚWIĘTOKRZYSKIE";"1 kwartał";"ogółem";"2011";3311,43;"zł";"";
2600000;"ŚWIĘTOKRZYSKIE";"1 kwartał";"ogółem";"2012";3507,62;"zł";"M";
2600000;"ŚWIĘTOKRZYSKIE";"1 kwartał";"ogółem";"2013";3557,34;"zł";"";
2600000;"ŚWIĘTOKRZYSKIE";"1 kwartał";"ogółem";"2014";3667,42;"zł";"";
2600000;"ŚWIĘTOKRZYSKIE";"1 kwartał";"ogółem";"2015";3830,81;"zł";"";
2600000;"ŚWIĘTOKRZYSKIE";"1 kwartał";"ogółem";"2016";3902,65;"zł";"";
2600000;"ŚWIĘTOKRZYSKIE";"1 kwartał";"ogółem";"2017";4072,82;"zł";"";
2600000;"ŚWIĘTOKRZYSKIE";"1 kwartał";"ogółem";"2018";4335,69;"zł";"";
2600000;"ŚWIĘTOKRZYSKIE";"1 kwartał";"ogółem";"2019";4612,78;"zł";"";
2600000;"ŚWIĘTOKRZYSKIE";"1 kwartał";"ogółem";"2020";4979,49;"zł";"";
2600000;"ŚWIĘTOKRZYSKIE";"1 kwartał";"ogółem";"2021";5424,75;"zł";"";
2600000;"ŚWIĘTOKRZYSKIE";"1 kwartał";"ogółem";"2022";5791,36;"zł";"";
2600000;"ŚWIĘTOKRZYSKIE";"2 kwartał";"ogółem";"2010";2998,66;"zł";"";
2600000;"ŚWIĘTOKRZYSKIE";"2 kwartał";"ogółem";"2011";3134,63;"zł";"";
2600000;"ŚWIĘTOKRZYSKIE";"2 kwartał";"ogółem";"2012";3367,34;"zł";"M";
2600000;"ŚWIĘTOKRZYSKIE";"2 kwartał";"ogółem";"2013";3293,91;"zł";"";
2600000;"ŚWIĘTOKRZYSKIE";"2 kwartał";"ogółem";"2014";3411,98;"zł";"";
2600000;"ŚWIĘTOKRZYSKIE";"2 kwartał";"ogółem";"2015";3529,25;"zł";"";
2600000;"ŚWIĘTOKRZYSKIE";"2 kwartał";"ogółem";"2016";3652,15;"zł";"";
2600000;"ŚWIĘTOKRZYSKIE";"2 kwartał";"ogółem";"2017";3854,28;"zł";"";
2600000;"ŚWIĘTOKRZYSKIE";"2 kwartał";"ogółem";"2018";4118,90;"zł";"";
2600000;"ŚWIĘTOKRZYSKIE";"2 kwartał";"ogółem";"2019";4418,01;"zł";"";
2600000;"ŚWIĘTOKRZYSKIE";"2 kwartał";"ogółem";"2020";4547,55;"zł";"";
2600000;"ŚWIĘTOKRZYSKIE";"2 kwartał";"ogółem";"2021";5098,53;"zł";"";
2600000;"ŚWIĘTOKRZYSKIE";"2 kwartał";"ogółem";"2022";5574,86;"zł";"";
2600000;"ŚWIĘTOKRZYSKIE";"3 kwartał";"ogółem";"2010";3022,56;"zł";"";
2600000;"ŚWIĘTOKRZYSKIE";"3 kwartał";"ogółem";"2011";3197,34;"zł";"";
2600000;"ŚWIĘTOKRZYSKIE";"3 kwartał";"ogółem";"2012";3301,42;"zł";"M";
2600000;"ŚWIĘTOKRZYSKIE";"3 kwartał";"ogółem";"2013";3390,51;"zł";"";
2600000;"ŚWIĘTOKRZYSKIE";"3 kwartał";"ogółem";"2014";3476,22;"zł";"";
2600000;"ŚWIĘTOKRZYSKIE";"3 kwartał";"ogółem";"2015";3597,98;"zł";"";
2600000;"ŚWIĘTOKRZYSKIE";"3 kwartał";"ogółem";"2016";3723,09;"zł";"";
2600000;"ŚWIĘTOKRZYSKIE";"3 kwartał";"ogółem";"2017";3920,85;"zł";"";
2600000;"ŚWIĘTOKRZYSKIE";"3 kwartał";"ogółem";"2018";4226,84;"zł";"";
2600000;"ŚWIĘTOKRZYSKIE";"3 kwartał";"ogółem";"2019";4529,34;"zł";"";
2600000;"ŚWIĘTOKRZYSKIE";"3 kwartał";"ogółem";"2020";4885,97;"zł";"";
2600000;"ŚWIĘTOKRZYSKIE";"3 kwartał";"ogółem";"2021";5300,15;"zł";"";
2600000;"ŚWIĘTOKRZYSKIE";"3 kwartał";"ogółem";"2022";5916,52;"zł";"";
2600000;"ŚWIĘTOKRZYSKIE";"4 kwartał";"ogółem";"2010";3200,59;"zł";"";
2600000;"ŚWIĘTOKRZYSKIE";"4 kwartał";"ogółem";"2011";3325,54;"zł";"";
2600000;"ŚWIĘTOKRZYSKIE";"4 kwartał";"ogółem";"2012";3446,31;"zł";"M";
2600000;"ŚWIĘTOKRZYSKIE";"4 kwartał";"ogółem";"2013";3517,19;"zł";"";
2600000;"ŚWIĘTOKRZYSKIE";"4 kwartał";"ogółem";"2014";3581,68;"zł";"";
2600000;"ŚWIĘTOKRZYSKIE";"4 kwartał";"ogółem";"2015";3790,89;"zł";"";
2600000;"ŚWIĘTOKRZYSKIE";"4 kwartał";"ogółem";"2016";3903,62;"zł";"";
2600000;"ŚWIĘTOKRZYSKIE";"4 kwartał";"ogółem";"2017";4177,71;"zł";"";
2600000;"ŚWIĘTOKRZYSKIE";"4 kwartał";"ogółem";"2018";4438,58;"zł";"";
2600000;"ŚWIĘTOKRZYSKIE";"4 kwartał";"ogółem";"2019";4780,91;"zł";"";
2600000;"ŚWIĘTOKRZYSKIE";"4 kwartał";"ogółem";"2020";5029,82;"zł";"";
2600000;"ŚWIĘTOKRZYSKIE";"4 kwartał";"ogółem";"2021";5452,01;"zł";"";
2600000;"ŚWIĘTOKRZYSKIE";"4 kwartał";"ogółem";"2022";;"zł";"n";
2800000;"WARMIŃSKO-MAZURSKIE";"1 kwartał";"ogółem";"2010";3080,77;"zł";"";
2800000;"WARMIŃSKO-MAZURSKIE";"1 kwartał";"ogółem";"2011";3212,36;"zł";"";
2800000;"WARMIŃSKO-MAZURSKIE";"1 kwartał";"ogółem";"2012";3395,66;"zł";"M";
2800000;"WARMIŃSKO-MAZURSKIE";"1 kwartał";"ogółem";"2013";3469,44;"zł";"";
2800000;"WARMIŃSKO-MAZURSKIE";"1 kwartał";"ogółem";"2014";3606,66;"zł";"";
2800000;"WARMIŃSKO-MAZURSKIE";"1 kwartał";"ogółem";"2015";3739,61;"zł";"";
2800000;"WARMIŃSKO-MAZURSKIE";"1 kwartał";"ogółem";"2016";3841,74;"zł";"";
2800000;"WARMIŃSKO-MAZURSKIE";"1 kwartał";"ogółem";"2017";4002,90;"zł";"";
2800000;"WARMIŃSKO-MAZURSKIE";"1 kwartał";"ogółem";"2018";4188,44;"zł";"";
2800000;"WARMIŃSKO-MAZURSKIE";"1 kwartał";"ogółem";"2019";4477,33;"zł";"";
2800000;"WARMIŃSKO-MAZURSKIE";"1 kwartał";"ogółem";"2020";4855,89;"zł";"";
2800000;"WARMIŃSKO-MAZURSKIE";"1 kwartał";"ogółem";"2021";5309,60;"zł";"";
2800000;"WARMIŃSKO-MAZURSKIE";"1 kwartał";"ogółem";"2022";5715,54;"zł";"";
2800000;"WARMIŃSKO-MAZURSKIE";"2 kwartał";"ogółem";"2010";2825,99;"zł";"";
2800000;"WARMIŃSKO-MAZURSKIE";"2 kwartał";"ogółem";"2011";2980,71;"zł";"";
2800000;"WARMIŃSKO-MAZURSKIE";"2 kwartał";"ogółem";"2012";3253,42;"zł";"M";
2800000;"WARMIŃSKO-MAZURSKIE";"2 kwartał";"ogółem";"2013";3218,15;"zł";"";
2800000;"WARMIŃSKO-MAZURSKIE";"2 kwartał";"ogółem";"2014";3337,23;"zł";"";
2800000;"WARMIŃSKO-MAZURSKIE";"2 kwartał";"ogółem";"2015";3424,55;"zł";"";
2800000;"WARMIŃSKO-MAZURSKIE";"2 kwartał";"ogółem";"2016";3612,00;"zł";"";
2800000;"WARMIŃSKO-MAZURSKIE";"2 kwartał";"ogółem";"2017";3750,79;"zł";"";
2800000;"WARMIŃSKO-MAZURSKIE";"2 kwartał";"ogółem";"2018";3994,57;"zł";"";
2800000;"WARMIŃSKO-MAZURSKIE";"2 kwartał";"ogółem";"2019";4212,48;"zł";"";
2800000;"WARMIŃSKO-MAZURSKIE";"2 kwartał";"ogółem";"2020";4380,35;"zł";"";
2800000;"WARMIŃSKO-MAZURSKIE";"2 kwartał";"ogółem";"2021";4955,36;"zł";"";
2800000;"WARMIŃSKO-MAZURSKIE";"2 kwartał";"ogółem";"2022";5490,50;"zł";"";
2800000;"WARMIŃSKO-MAZURSKIE";"3 kwartał";"ogółem";"2010";2909,11;"zł";"";
2800000;"WARMIŃSKO-MAZURSKIE";"3 kwartał";"ogółem";"2011";3053,54;"zł";"";
2800000;"WARMIŃSKO-MAZURSKIE";"3 kwartał";"ogółem";"2012";3138,23;"zł";"M";
2800000;"WARMIŃSKO-MAZURSKIE";"3 kwartał";"ogółem";"2013";3260,84;"zł";"";
2800000;"WARMIŃSKO-MAZURSKIE";"3 kwartał";"ogółem";"2014";3410,12;"zł";"";
2800000;"WARMIŃSKO-MAZURSKIE";"3 kwartał";"ogółem";"2015";3501,73;"zł";"";
2800000;"WARMIŃSKO-MAZURSKIE";"3 kwartał";"ogółem";"2016";3632,48;"zł";"";
2800000;"WARMIŃSKO-MAZURSKIE";"3 kwartał";"ogółem";"2017";3804,31;"zł";"";
2800000;"WARMIŃSKO-MAZURSKIE";"3 kwartał";"ogółem";"2018";4054,46;"zł";"";
2800000;"WARMIŃSKO-MAZURSKIE";"3 kwartał";"ogółem";"2019";4376,11;"zł";"";
2800000;"WARMIŃSKO-MAZURSKIE";"3 kwartał";"ogółem";"2020";4740,65;"zł";"";
2800000;"WARMIŃSKO-MAZURSKIE";"3 kwartał";"ogółem";"2021";5168,01;"zł";"";
2800000;"WARMIŃSKO-MAZURSKIE";"3 kwartał";"ogółem";"2022";5677,94;"zł";"";
2800000;"WARMIŃSKO-MAZURSKIE";"4 kwartał";"ogółem";"2010";3095,20;"zł";"";
2800000;"WARMIŃSKO-MAZURSKIE";"4 kwartał";"ogółem";"2011";3185,26;"zł";"";
2800000;"WARMIŃSKO-MAZURSKIE";"4 kwartał";"ogółem";"2012";3287,38;"zł";"M";
2800000;"WARMIŃSKO-MAZURSKIE";"4 kwartał";"ogółem";"2013";3379,13;"zł";"";
2800000;"WARMIŃSKO-MAZURSKIE";"4 kwartał";"ogółem";"2014";3535,68;"zł";"";
2800000;"WARMIŃSKO-MAZURSKIE";"4 kwartał";"ogółem";"2015";3713,23;"zł";"";
2800000;"WARMIŃSKO-MAZURSKIE";"4 kwartał";"ogółem";"2016";3828,40;"zł";"";
2800000;"WARMIŃSKO-MAZURSKIE";"4 kwartał";"ogółem";"2017";4021,35;"zł";"";
2800000;"WARMIŃSKO-MAZURSKIE";"4 kwartał";"ogółem";"2018";4275,06;"zł";"";
2800000;"WARMIŃSKO-MAZURSKIE";"4 kwartał";"ogółem";"2019";4574,70;"zł";"";
2800000;"WARMIŃSKO-MAZURSKIE";"4 kwartał";"ogółem";"2020";5051,32;"zł";"";
2800000;"WARMIŃSKO-MAZURSKIE";"4 kwartał";"ogółem";"2021";5490,42;"zł";"";
2800000;"WARMIŃSKO-MAZURSKIE";"4 kwartał";"ogółem";"2022";;"zł";"n";
3000000;"WIELKOPOLSKIE";"1 kwartał";"ogółem";"2010";3265,38;"zł";"";
3000000;"WIELKOPOLSKIE";"1 kwartał";"ogółem";"2011";3411,87;"zł";"";
3000000;"WIELKOPOLSKIE";"1 kwartał";"ogółem";"2012";3593,09;"zł";"M";
3000000;"WIELKOPOLSKIE";"1 kwartał";"ogółem";"2013";3665,05;"zł";"";
3000000;"WIELKOPOLSKIE";"1 kwartał";"ogółem";"2014";3749,25;"zł";"";
3000000;"WIELKOPOLSKIE";"1 kwartał";"ogółem";"2015";3884,63;"zł";"";
3000000;"WIELKOPOLSKIE";"1 kwartał";"ogółem";"2016";3998,92;"zł";"";
3000000;"WIELKOPOLSKIE";"1 kwartał";"ogółem";"2017";4200,09;"zł";"";
3000000;"WIELKOPOLSKIE";"1 kwartał";"ogółem";"2018";4469,24;"zł";"";
3000000;"WIELKOPOLSKIE";"1 kwartał";"ogółem";"2019";4778,01;"zł";"";
3000000;"WIELKOPOLSKIE";"1 kwartał";"ogółem";"2020";5105,03;"zł";"";
3000000;"WIELKOPOLSKIE";"1 kwartał";"ogółem";"2021";5469,99;"zł";"";
3000000;"WIELKOPOLSKIE";"1 kwartał";"ogółem";"2022";5974,06;"zł";"";
3000000;"WIELKOPOLSKIE";"2 kwartał";"ogółem";"2010";3161,14;"zł";"";
3000000;"WIELKOPOLSKIE";"2 kwartał";"ogółem";"2011";3321,77;"zł";"";
3000000;"WIELKOPOLSKIE";"2 kwartał";"ogółem";"2012";3518,80;"zł";"M";
3000000;"WIELKOPOLSKIE";"2 kwartał";"ogółem";"2013";3566,89;"zł";"";
3000000;"WIELKOPOLSKIE";"2 kwartał";"ogółem";"2014";3650,41;"zł";"";
3000000;"WIELKOPOLSKIE";"2 kwartał";"ogółem";"2015";3701,22;"zł";"";
3000000;"WIELKOPOLSKIE";"2 kwartał";"ogółem";"2016";3949,64;"zł";"";
3000000;"WIELKOPOLSKIE";"2 kwartał";"ogółem";"2017";4167,01;"zł";"";
3000000;"WIELKOPOLSKIE";"2 kwartał";"ogółem";"2018";4458,23;"zł";"";
3000000;"WIELKOPOLSKIE";"2 kwartał";"ogółem";"2019";4748,52;"zł";"";
3000000;"WIELKOPOLSKIE";"2 kwartał";"ogółem";"2020";5003,64;"zł";"";
3000000;"WIELKOPOLSKIE";"2 kwartał";"ogółem";"2021";5305,83;"zł";"";
3000000;"WIELKOPOLSKIE";"2 kwartał";"ogółem";"2022";5983,37;"zł";"";
3000000;"WIELKOPOLSKIE";"3 kwartał";"ogółem";"2010";3201,72;"zł";"";
3000000;"WIELKOPOLSKIE";"3 kwartał";"ogółem";"2011";3361,11;"zł";"";
3000000;"WIELKOPOLSKIE";"3 kwartał";"ogółem";"2012";3464,96;"zł";"M";
3000000;"WIELKOPOLSKIE";"3 kwartał";"ogółem";"2013";3548,65;"zł";"";
3000000;"WIELKOPOLSKIE";"3 kwartał";"ogółem";"2014";3630,30;"zł";"";
3000000;"WIELKOPOLSKIE";"3 kwartał";"ogółem";"2015";3751,84;"zł";"";
3000000;"WIELKOPOLSKIE";"3 kwartał";"ogółem";"2016";3948,01;"zł";"";
3000000;"WIELKOPOLSKIE";"3 kwartał";"ogółem";"2017";4184,47;"zł";"";
3000000;"WIELKOPOLSKIE";"3 kwartał";"ogółem";"2018";4427,75;"zł";"";
3000000;"WIELKOPOLSKIE";"3 kwartał";"ogółem";"2019";4756,32;"zł";"";
3000000;"WIELKOPOLSKIE";"3 kwartał";"ogółem";"2020";4891,13;"zł";"";
3000000;"WIELKOPOLSKIE";"3 kwartał";"ogółem";"2021";5466,37;"zł";"";
3000000;"WIELKOPOLSKIE";"3 kwartał";"ogółem";"2022";6136,73;"zł";"";
3000000;"WIELKOPOLSKIE";"4 kwartał";"ogółem";"2010";3377,13;"zł";"";
3000000;"WIELKOPOLSKIE";"4 kwartał";"ogółem";"2011";3503,10;"zł";"";
3000000;"WIELKOPOLSKIE";"4 kwartał";"ogółem";"2012";3591,13;"zł";"M";
3000000;"WIELKOPOLSKIE";"4 kwartał";"ogółem";"2013";3711,24;"zł";"";
3000000;"WIELKOPOLSKIE";"4 kwartał";"ogółem";"2014";3772,30;"zł";"";
3000000;"WIELKOPOLSKIE";"4 kwartał";"ogółem";"2015";3849,47;"zł";"";
3000000;"WIELKOPOLSKIE";"4 kwartał";"ogółem";"2016";4007,81;"zł";"";
3000000;"WIELKOPOLSKIE";"4 kwartał";"ogółem";"2017";4366,33;"zł";"";
3000000;"WIELKOPOLSKIE";"4 kwartał";"ogółem";"2018";4671,96;"zł";"";
3000000;"WIELKOPOLSKIE";"4 kwartał";"ogółem";"2019";4990,72;"zł";"";
3000000;"WIELKOPOLSKIE";"4 kwartał";"ogółem";"2020";5220,25;"zł";"";
3000000;"WIELKOPOLSKIE";"4 kwartał";"ogółem";"2021";5674,04;"zł";"";
3000000;"WIELKOPOLSKIE";"4 kwartał";"ogółem";"2022";;"zł";"n";
3200000;"ZACHODNIOPOMORSKIE";"1 kwartał";"ogółem";"2010";3358,10;"zł";"";
3200000;"ZACHODNIOPOMORSKIE";"1 kwartał";"ogółem";"2011";3440,02;"zł";"";
3200000;"ZACHODNIOPOMORSKIE";"1 kwartał";"ogółem";"2012";3624,80;"zł";"M";
3200000;"ZACHODNIOPOMORSKIE";"1 kwartał";"ogółem";"2013";3735,88;"zł";"";
3200000;"ZACHODNIOPOMORSKIE";"1 kwartał";"ogółem";"2014";3875,54;"zł";"";
3200000;"ZACHODNIOPOMORSKIE";"1 kwartał";"ogółem";"2015";4016,95;"zł";"";
3200000;"ZACHODNIOPOMORSKIE";"1 kwartał";"ogółem";"2016";4168,15;"zł";"";
3200000;"ZACHODNIOPOMORSKIE";"1 kwartał";"ogółem";"2017";4341,26;"zł";"";
3200000;"ZACHODNIOPOMORSKIE";"1 kwartał";"ogółem";"2018";4591,38;"zł";"";
3200000;"ZACHODNIOPOMORSKIE";"1 kwartał";"ogółem";"2019";4905,27;"zł";"";
3200000;"ZACHODNIOPOMORSKIE";"1 kwartał";"ogółem";"2020";5259,13;"zł";"";
3200000;"ZACHODNIOPOMORSKIE";"1 kwartał";"ogółem";"2021";5686,96;"zł";"";
3200000;"ZACHODNIOPOMORSKIE";"1 kwartał";"ogółem";"2022";6171,48;"zł";"";
3200000;"ZACHODNIOPOMORSKIE";"2 kwartał";"ogółem";"2010";3099,76;"zł";"";
3200000;"ZACHODNIOPOMORSKIE";"2 kwartał";"ogółem";"2011";3240,67;"zł";"";
3200000;"ZACHODNIOPOMORSKIE";"2 kwartał";"ogółem";"2012";3510,14;"zł";"M";
3200000;"ZACHODNIOPOMORSKIE";"2 kwartał";"ogółem";"2013";3502,64;"zł";"";
3200000;"ZACHODNIOPOMORSKIE";"2 kwartał";"ogółem";"2014";3617,30;"zł";"";
3200000;"ZACHODNIOPOMORSKIE";"2 kwartał";"ogółem";"2015";3754,81;"zł";"";
3200000;"ZACHODNIOPOMORSKIE";"2 kwartał";"ogółem";"2016";3937,22;"zł";"";
3200000;"ZACHODNIOPOMORSKIE";"2 kwartał";"ogółem";"2017";4128,62;"zł";"";
3200000;"ZACHODNIOPOMORSKIE";"2 kwartał";"ogółem";"2018";4390,16;"zł";"";
3200000;"ZACHODNIOPOMORSKIE";"2 kwartał";"ogółem";"2019";4696,55;"zł";"";
3200000;"ZACHODNIOPOMORSKIE";"2 kwartał";"ogółem";"2020";4924,86;"zł";"";
3200000;"ZACHODNIOPOMORSKIE";"2 kwartał";"ogółem";"2021";5421,48;"zł";"";
3200000;"ZACHODNIOPOMORSKIE";"2 kwartał";"ogółem";"2022";6056,37;"zł";"";
3200000;"ZACHODNIOPOMORSKIE";"3 kwartał";"ogółem";"2010";3169,77;"zł";"";
3200000;"ZACHODNIOPOMORSKIE";"3 kwartał";"ogółem";"2011";3342,75;"zł";"";
3200000;"ZACHODNIOPOMORSKIE";"3 kwartał";"ogółem";"2012";3424,03;"zł";"M";
3200000;"ZACHODNIOPOMORSKIE";"3 kwartał";"ogółem";"2013";3594,61;"zł";"";
3200000;"ZACHODNIOPOMORSKIE";"3 kwartał";"ogółem";"2014";3701,56;"zł";"";
3200000;"ZACHODNIOPOMORSKIE";"3 kwartał";"ogółem";"2015";3845,72;"zł";"";
3200000;"ZACHODNIOPOMORSKIE";"3 kwartał";"ogółem";"2016";4020,07;"zł";"";
3200000;"ZACHODNIOPOMORSKIE";"3 kwartał";"ogółem";"2017";4177,41;"zł";"";
3200000;"ZACHODNIOPOMORSKIE";"3 kwartał";"ogółem";"2018";4472,52;"zł";"";
3200000;"ZACHODNIOPOMORSKIE";"3 kwartał";"ogółem";"2019";4871,71;"zł";"";
3200000;"ZACHODNIOPOMORSKIE";"3 kwartał";"ogółem";"2020";5169,05;"zł";"";
3200000;"ZACHODNIOPOMORSKIE";"3 kwartał";"ogółem";"2021";5630,76;"zł";"";
3200000;"ZACHODNIOPOMORSKIE";"3 kwartał";"ogółem";"2022";6287,37;"zł";"";
3200000;"ZACHODNIOPOMORSKIE";"4 kwartał";"ogółem";"2010";3342,12;"zł";"";
3200000;"ZACHODNIOPOMORSKIE";"4 kwartał";"ogółem";"2011";3459,37;"zł";"";
3200000;"ZACHODNIOPOMORSKIE";"4 kwartał";"ogółem";"2012";3598,62;"zł";"M";
3200000;"ZACHODNIOPOMORSKIE";"4 kwartał";"ogółem";"2013";3697,14;"zł";"";
3200000;"ZACHODNIOPOMORSKIE";"4 kwartał";"ogółem";"2014";3817,55;"zł";"";
3200000;"ZACHODNIOPOMORSKIE";"4 kwartał";"ogółem";"2015";3974,02;"zł";"";
3200000;"ZACHODNIOPOMORSKIE";"4 kwartał";"ogółem";"2016";4176,75;"zł";"";
3200000;"ZACHODNIOPOMORSKIE";"4 kwartał";"ogółem";"2017";4447,78;"zł";"";
3200000;"ZACHODNIOPOMORSKIE";"4 kwartał";"ogółem";"2018";4697,97;"zł";"";
3200000;"ZACHODNIOPOMORSKIE";"4 kwartał";"ogółem";"2019";5053,65;"zł";"";
3200000;"ZACHODNIOPOMORSKIE";"4 kwartał";"ogółem";"2020";5444,17;"zł";"";
3200000;"ZACHODNIOPOMORSKIE";"4 kwartał";"ogółem";"2021";5941,55;"zł";"";
3200000;"ZACHODNIOPOMORSKIE";"4 kwartał";"ogółem";"2022";;"zł";"n";
